{"stats":{"minecraft:killed":{"minecraft:zombie":1},"minecraft:used":{"minecraft:deepslate_emerald_ore":8,"minecraft:emerald_ore":2,"minecraft:moss_carpet":8,"minecraft:water_bucket":14,"minecraft:purpur_block":2,"minecraft:stripped_acacia_wood":3,"minecraft:mossy_stone_bricks":20,"minecraft:trident":3,"minecraft:writable_book":3,"minecraft:acacia_log":3,"minecraft:warped_hanging_sign":2,"minecraft:orange_concrete":9,"minecraft:stripped_acacia_log":3,"minecraft:melon":7,"minecraft:oak_planks":4,"minecraft:dispenser":5,"minecraft:red_concrete":10,"minecraft:acacia_trapdoor":5,"minecraft:redstone":51,"minecraft:lime_wool":4,"minecraft:ladder":3,"minecraft:oak_sign":40,"minecraft:blue_wool":7,"minecraft:chest":1,"minecraft:shield":11,"minecraft:stone":101,"minecraft:redstone_block":26,"minecraft:structure_void":8,"minecraft:warped_sign":3,"minecraft:green_terracotta":1,"minecraft:netherrack":9,"minecraft:oak_leaves":10,"minecraft:white_wool":3,"minecraft:mossy_cobblestone":10,"minecraft:diamond_block":6,"minecraft:lime_terracotta":6,"minecraft:target":4,"minecraft:yellow_terracotta":1,"minecraft:oak_slab":6,"minecraft:crimson_trapdoor":2,"minecraft:waxed_weathered_cut_copper_slab":3,"minecraft:bamboo_block":30,"minecraft:orange_wool":3,"minecraft:yellow_concrete":11,"minecraft:blue_ice":24,"minecraft:oxidized_cut_copper_slab":4,"minecraft:mangrove_sign":1,"minecraft:warped_pressure_plate":3,"minecraft:blue_concrete":6,"minecraft:bamboo_button":1,"minecraft:obsidian":18,"minecraft:piston":1,"minecraft:honey_block":33,"minecraft:green_concrete":1,"minecraft:lever":11,"minecraft:black_wool":12,"minecraft:sea_lantern":2,"minecraft:lava_bucket":7,"minecraft:warped_trapdoor":9,"minecraft:crying_obsidian":33,"minecraft:command_block":156,"minecraft:light_weighted_pressure_plate":11,"minecraft:red_wool":10,"minecraft:grass_block":1,"minecraft:iron_block":11,"minecraft:brown_wool":7,"minecraft:warped_slab":13,"minecraft:oak_button":15,"minecraft:barrier":277,"minecraft:warped_fence":2,"minecraft:acacia_slab":3,"minecraft:red_terracotta":2,"minecraft:waxed_weathered_cut_copper":5,"minecraft:yellow_wool":3,"minecraft:item_frame":3,"minecraft:repeater":46,"minecraft:sniffer_spawn_egg":1,"minecraft:light_gray_wool":1,"minecraft:birch_button":3,"minecraft:tripwire_hook":1,"minecraft:nether_wart_block":33,"minecraft:purple_concrete":36,"minecraft:glowstone":3,"minecraft:redstone_lamp":4,"minecraft:infested_mossy_stone_bricks":9,"minecraft:lime_concrete":6,"minecraft:bow":65,"minecraft:magenta_wool":4,"minecraft:emerald_block":9,"minecraft:red_concrete_powder":5,"minecraft:stripped_oak_wood":7,"minecraft:bubble_coral_block":4,"minecraft:white_stained_glass":2,"minecraft:gold_block":1,"minecraft:glass_pane":2,"minecraft:magenta_glazed_terracotta":4,"minecraft:mossy_cobblestone_wall":16,"minecraft:white_concrete":21,"minecraft:warped_button":1,"minecraft:gray_wool":7,"minecraft:purple_wool":5},"minecraft:custom":{"minecraft:interact_with_smithing_table":1,"minecraft:interact_with_furnace":1,"minecraft:mob_kills":1,"minecraft:inspect_hopper":9,"minecraft:leave_game":28,"minecraft:time_since_death":545896,"minecraft:climb_one_cm":2814,"minecraft:damage_resisted":52867280,"minecraft:time_since_rest":545897,"minecraft:sprint_one_cm":655439,"minecraft:damage_taken":1173,"minecraft:walk_one_cm":1797014,"minecraft:damage_blocked_by_shield":300,"minecraft:trigger_trapped_chest":2,"minecraft:drop":3,"minecraft:damage_dealt":97,"minecraft:swim_one_cm":9420,"minecraft:fly_one_cm":5436553,"minecraft:target_hit":43,"minecraft:open_chest":97,"minecraft:crouch_one_cm":430365,"minecraft:sneak_time":47844,"minecraft:play_time":1556200,"minecraft:deaths":5,"minecraft:walk_under_water_one_cm":48169,"minecraft:interact_with_lectern":8,"minecraft:jump":6049,"minecraft:walk_on_water_one_cm":30134,"minecraft:total_world_time":1556200,"minecraft:fall_one_cm":40701,"minecraft:inspect_dispenser":47},"minecraft:dropped":{"minecraft:barrier":3},"minecraft:picked_up":{"minecraft:barrier":3,"minecraft:splash_potion":1,"minecraft:anvil":1,"minecraft:glow_ink_sac":1,"minecraft:torchflower":1,"minecraft:netherite_sword":2,"minecraft:light_weighted_pressure_plate":1,"minecraft:tipped_arrow":3178,"minecraft:chain_command_block":1,"minecraft:pitcher_plant":1,"minecraft:grass_block":1,"minecraft:mossy_cobblestone":1,"minecraft:leather_helmet":1,"minecraft:writable_book":1,"minecraft:bone_meal":1,"minecraft:oak_button":2231,"minecraft:netherite_chestplate":1},"minecraft:killed_by":{"minecraft:player":3,"minecraft:creeper":1}},"DataVersion":3700}