{"stats":{"minecraft:used":{"minecraft:water_bucket":4,"minecraft:oak_button":1},"minecraft:dropped":{"minecraft:bucket":2},"minecraft:custom":{"minecraft:time_since_rest":40033,"minecraft:open_chest":5,"minecraft:crouch_one_cm":18837,"minecraft:sprint_one_cm":71455,"minecraft:play_time":40033,"minecraft:damage_taken":0,"minecraft:walk_one_cm":72175,"minecraft:sneak_time":4708,"minecraft:walk_under_water_one_cm":1195,"minecraft:drop":2,"minecraft:interact_with_lectern":1,"minecraft:jump":803,"minecraft:damage_dealt":0,"minecraft:leave_game":2,"minecraft:walk_on_water_one_cm":1080,"minecraft:time_since_death":40033,"minecraft:total_world_time":40033,"minecraft:climb_one_cm":88,"minecraft:damage_resisted":1389011,"minecraft:swim_one_cm":21230,"minecraft:fall_one_cm":300183,"minecraft:fly_one_cm":120456}},"DataVersion":3700}