{"stats":{"minecraft:used":{"minecraft:water_bucket":4,"minecraft:trident":103,"minecraft:oak_button":3},"minecraft:custom":{"minecraft:time_since_rest":84585,"minecraft:open_chest":11,"minecraft:crouch_one_cm":51358,"minecraft:sprint_one_cm":229109,"minecraft:play_time":84585,"minecraft:damage_taken":0,"minecraft:walk_one_cm":165454,"minecraft:sneak_time":13828,"minecraft:walk_under_water_one_cm":6197,"minecraft:interact_with_lectern":1,"minecraft:jump":1714,"minecraft:inspect_hopper":3,"minecraft:damage_dealt":0,"minecraft:leave_game":4,"minecraft:walk_on_water_one_cm":11066,"minecraft:time_since_death":84585,"minecraft:climb_one_cm":2201,"minecraft:total_world_time":84585,"minecraft:damage_resisted":2247877,"minecraft:swim_one_cm":20969,"minecraft:interact_with_crafting_table":1,"minecraft:fall_one_cm":508301,"minecraft:fly_one_cm":223816},"minecraft:picked_up":{"minecraft:trident":8}},"DataVersion":3700}