{"stats":{"minecraft:crafted":{"minecraft:netherite_helmet":1,"minecraft:leather_chestplate":8,"minecraft:netherite_sword":1,"minecraft:leather_leggings":1,"minecraft:leather_boots":3,"minecraft:netherite_chestplate":1,"minecraft:netherite_leggings":1,"minecraft:leather_helmet":1,"minecraft:air":0},"minecraft:killed":{"minecraft:zombified_piglin":2,"minecraft:pufferfish":1,"minecraft:wither":2,"minecraft:axolotl":1,"minecraft:tropical_fish":34,"minecraft:wolf":23,"minecraft:parrot":3,"minecraft:pig":9,"minecraft:zombie_villager":2,"minecraft:salmon":38,"minecraft:ender_dragon":1,"minecraft:strider":1,"minecraft:creeper":1,"minecraft:sheep":1,"minecraft:zombie":10,"minecraft:cow":3,"minecraft:blaze":4,"minecraft:allay":1,"minecraft:slime":27,"minecraft:zoglin":1,"minecraft:phantom":14,"minecraft:drowned":3,"minecraft:warden":33,"minecraft:ocelot":1,"minecraft:husk":1,"minecraft:frog":4,"minecraft:ravager":11,"minecraft:villager":4,"minecraft:enderman":1},"minecraft:used":{"minecraft:moss_block":140,"minecraft:moss_carpet":2,"minecraft:cherry_sapling":3,"minecraft:nether_brick_fence":1,"minecraft:writable_book":29,"minecraft:red_sand":8,"minecraft:melon":61,"minecraft:dispenser":90,"minecraft:spruce_slab":22,"minecraft:ladder":57,"minecraft:bone_block":14,"minecraft:oak_sign":44,"minecraft:shield":5,"minecraft:chest":52,"minecraft:stripped_jungle_wood":134,"minecraft:white_terracotta":167,"minecraft:brown_concrete":4,"minecraft:stone":31,"minecraft:zombie_spawn_egg":82,"minecraft:creeper_head":29,"minecraft:warped_sign":61,"minecraft:bubble_coral":6,"minecraft:farmland":3,"minecraft:player_head":31,"minecraft:green_terracotta":44,"minecraft:tube_coral":4,"minecraft:sculk_sensor":4,"minecraft:lily_of_the_valley":31,"minecraft:skeleton_spawn_egg":22,"minecraft:jungle_planks":1,"minecraft:nether_bricks":153,"minecraft:allium":37,"minecraft:orange_wool":1,"minecraft:deepslate_brick_slab":2,"minecraft:acacia_sapling":5,"minecraft:acacia_button":8,"minecraft:obsidian":180,"minecraft:warden_spawn_egg":44,"minecraft:jungle_sapling":102,"minecraft:frog_spawn_egg":31,"minecraft:glass":109,"minecraft:packed_ice":160,"minecraft:honey_block":215,"minecraft:lava_bucket":380,"minecraft:villager_spawn_egg":162,"minecraft:red_wool":4,"minecraft:grass_block":1264,"minecraft:green_wool":42,"minecraft:netherite_hoe":12,"minecraft:cherry_leaves":41,"minecraft:tropical_fish_spawn_egg":123,"minecraft:raw_gold_block":4,"minecraft:repeater":10,"minecraft:honeycomb_block":22,"minecraft:stone_bricks":67,"minecraft:item_frame":71,"minecraft:slime_spawn_egg":3,"minecraft:netherite_boots":1,"minecraft:birch_button":14,"minecraft:reinforced_deepslate":64,"minecraft:red_carpet":2,"minecraft:infested_mossy_stone_bricks":24,"minecraft:bow":311,"minecraft:magma_block":10,"minecraft:horn_coral":5,"minecraft:warped_fungus":3,"minecraft:scaffolding":648,"minecraft:jungle_button":1,"minecraft:furnace":4,"minecraft:acacia_fence":2,"minecraft:gold_block":105,"minecraft:fire_coral_fan":12,"minecraft:dragon_head":1,"minecraft:seagrass":129,"minecraft:mangrove_leaves":27,"minecraft:light_blue_carpet":6,"minecraft:short_grass":4,"minecraft:mossy_stone_bricks":5,"minecraft:end_rod":86,"minecraft:cow_spawn_egg":74,"minecraft:torchflower":42,"minecraft:spruce_door":4,"minecraft:stripped_acacia_log":615,"minecraft:mangrove_planks":48,"minecraft:jungle_fence":25,"minecraft:oak_planks":188,"minecraft:cactus":13,"minecraft:ender_pearl":3,"minecraft:sandstone":3,"minecraft:redstone_block":8,"minecraft:jungle_pressure_plate":1,"minecraft:structure_void":138,"minecraft:parrot_spawn_egg":11,"minecraft:blue_bed":1,"minecraft:sugar_cane":24,"minecraft:jungle_boat":6,"minecraft:white_wool":19,"minecraft:brain_coral":5,"minecraft:dark_oak_trapdoor":6,"minecraft:sand":329,"minecraft:yellow_terracotta":5,"minecraft:netherite_leggings":2,"minecraft:light_blue_concrete":169,"minecraft:pitcher_pod":10,"minecraft:blast_furnace":6,"minecraft:yellow_concrete":81,"minecraft:blue_ice":640,"minecraft:sponge":16,"minecraft:purple_terracotta":22,"minecraft:gray_concrete":1,"minecraft:end_stone":165,"minecraft:deepslate_brick_stairs":12,"minecraft:lightning_rod":8,"minecraft:creeper_spawn_egg":168,"minecraft:birch_fence":35,"minecraft:redstone_torch":1,"minecraft:deepslate_tiles":48,"minecraft:sticky_piston":14,"minecraft:lever":23,"minecraft:blue_glazed_terracotta":1,"minecraft:black_concrete":40,"minecraft:red_sandstone":29,"minecraft:crying_obsidian":74,"minecraft:chiseled_sandstone":5,"minecraft:acacia_door":15,"minecraft:lime_carpet":2,"minecraft:heavy_weighted_pressure_plate":7,"minecraft:barrier":1189,"minecraft:stone_button":8,"minecraft:brown_wool":1,"minecraft:string":28,"minecraft:warped_slab":6,"minecraft:lectern":7,"minecraft:iron_door":2,"minecraft:flowering_azalea_leaves":11,"minecraft:ocelot_spawn_egg":10,"minecraft:jungle_sign":4,"minecraft:nether_wart_block":119,"minecraft:diamond_sword":56,"minecraft:fire_charge":11,"minecraft:pufferfish_bucket":37,"minecraft:smithing_table":6,"minecraft:bubble_coral_block":4,"minecraft:white_stained_glass":11,"minecraft:piglin_spawn_egg":13,"minecraft:chain":2,"minecraft:ice":9,"minecraft:oak_boat":73,"minecraft:white_concrete":122,"minecraft:tropical_fish_bucket":95,"minecraft:warped_button":5,"minecraft:oak_hanging_sign":1,"minecraft:bone_meal":960,"minecraft:purple_wool":1,"minecraft:cobweb":52,"minecraft:oak_fence":33,"minecraft:oak_trapdoor":2,"minecraft:purpur_block":79,"minecraft:trident":159,"minecraft:netherite_sword":217,"minecraft:jungle_leaves":288,"minecraft:iron_bars":65,"minecraft:stone_sword":17,"minecraft:orange_concrete":113,"minecraft:flint_and_steel":7,"minecraft:red_concrete":269,"minecraft:armor_stand":17,"minecraft:redstone":67,"minecraft:light_blue_terracotta":5,"minecraft:light_gray_carpet":13,"minecraft:jungle_hanging_sign":7,"minecraft:mangrove_fence":20,"minecraft:structure_block":1,"minecraft:netherrack":58,"minecraft:oak_door":2,"minecraft:orange_bed":1,"minecraft:torch":28,"minecraft:anvil":24,"minecraft:dirt":14,"minecraft:warped_wart_block":5,"minecraft:target":5,"minecraft:white_carpet":20,"minecraft:hopper":6,"minecraft:spruce_stairs":40,"minecraft:yellow_carpet":6,"minecraft:blue_concrete":1032,"minecraft:birch_door":10,"minecraft:mossy_cobblestone_stairs":10,"minecraft:ravager_spawn_egg":13,"minecraft:wooden_axe":117,"minecraft:sea_lantern":124,"minecraft:chipped_anvil":19,"minecraft:iron_block":409,"minecraft:light_weighted_pressure_plate":6,"minecraft:oak_stairs":18,"minecraft:smooth_sandstone":64,"minecraft:slime_block":119,"minecraft:warped_fence":108,"minecraft:acacia_slab":38,"minecraft:jungle_log":56,"minecraft:smooth_quartz":3,"minecraft:barrel":2,"minecraft:bamboo":802,"minecraft:blaze_spawn_egg":23,"minecraft:diamond_chestplate":1,"minecraft:tripwire_hook":31,"minecraft:purple_concrete":470,"minecraft:glowstone":197,"minecraft:lime_concrete":182,"minecraft:emerald_block":24,"minecraft:pitcher_plant":27,"minecraft:wolf_spawn_egg":40,"minecraft:salmon_spawn_egg":223,"minecraft:oxidized_copper":24,"minecraft:drowned_spawn_egg":9,"minecraft:horn_coral_block":42,"minecraft:trapped_chest":1,"minecraft:stone_pressure_plate":1,"minecraft:orange_terracotta":21,"minecraft:acacia_planks":115,"minecraft:powder_snow_bucket":299,"minecraft:turtle_egg":5,"minecraft:brain_coral_block":23,"minecraft:calcite":45,"minecraft:water_bucket":460,"minecraft:tube_coral_block":25,"minecraft:cobblestone_stairs":10,"minecraft:snow_block":375,"minecraft:netherite_chestplate":2,"minecraft:lime_wool":62,"minecraft:blue_wool":9,"minecraft:copper_block":37,"minecraft:purple_glazed_terracotta":60,"minecraft:cut_sandstone":332,"minecraft:sheep_spawn_egg":10,"minecraft:glow_ink_sac":16,"minecraft:deepslate_bricks":59,"minecraft:crimson_trapdoor":13,"minecraft:rabbit_spawn_egg":21,"minecraft:glow_item_frame":13,"minecraft:vine":78,"minecraft:diamond_block":557,"minecraft:mossy_cobblestone":145,"minecraft:crafting_table":17,"minecraft:lime_terracotta":23,"minecraft:terracotta":65,"minecraft:oak_slab":114,"minecraft:tnt":55,"minecraft:lime_bed":1,"minecraft:red_bed":1,"minecraft:phantom_spawn_egg":1,"minecraft:bamboo_block":111,"minecraft:white_bed":3,"minecraft:painting":3,"minecraft:mangrove_sign":1,"minecraft:smoker":6,"minecraft:oak_log":249,"minecraft:netherite_block":149,"minecraft:light":37,"minecraft:piston":5,"minecraft:dark_prismarine":17,"minecraft:wooden_hoe":1,"minecraft:ender_eye":24,"minecraft:acacia_stairs":66,"minecraft:black_wool":9,"minecraft:warped_trapdoor":4,"minecraft:acacia_sign":4,"minecraft:stripped_jungle_log":38,"minecraft:command_block":30,"minecraft:oak_button":83,"minecraft:pig_spawn_egg":30,"minecraft:map":3,"minecraft:netherite_axe":2,"minecraft:spruce_pressure_plate":1,"minecraft:cyan_concrete":7,"minecraft:stone_slab":13,"minecraft:spruce_trapdoor":26,"minecraft:yellow_wool":2,"minecraft:crimson_sign":3,"minecraft:pink_petals":243,"minecraft:blue_carpet":6,"minecraft:fire_coral_block":18,"minecraft:cod_spawn_egg":35,"minecraft:cobblestone":116,"minecraft:azalea_leaves":181,"minecraft:purple_bed":2,"minecraft:acacia_pressure_plate":4,"minecraft:red_concrete_powder":27,"minecraft:bucket":8,"minecraft:jungle_door":1,"minecraft:lapis_block":1,"minecraft:chain_command_block":1,"minecraft:glass_pane":54,"minecraft:yellow_bed":1,"minecraft:sea_pickle":149,"minecraft:repeating_command_block":8,"minecraft:end_portal_frame":38,"minecraft:husk_spawn_egg":19,"minecraft:dandelion":3,"minecraft:gray_wool":16,"minecraft:splash_potion":417},"minecraft:dropped":{"minecraft:iron_sword":1,"minecraft:moss_block":1,"minecraft:warped_fungus":1,"minecraft:glow_ink_sac":2,"minecraft:purple_glazed_terracotta":1,"minecraft:crafting_table":1,"minecraft:tube_coral_block":1,"minecraft:red_sandstone":1,"minecraft:pitcher_pod":1,"minecraft:lime_terracotta":1,"minecraft:warden_spawn_egg":1,"minecraft:jungle_planks":1,"minecraft:mangrove_planks":1,"minecraft:silence_armor_trim_smithing_template":60,"minecraft:leather_helmet":14,"minecraft:item_frame":4,"minecraft:light_weighted_pressure_plate":3,"minecraft:gold_block":1,"minecraft:crimson_trapdoor":1,"minecraft:packed_ice":2,"minecraft:jungle_button":1,"minecraft:stone_button":5,"minecraft:dispenser":1,"minecraft:cut_sandstone":1,"minecraft:netherite_boots":1,"minecraft:horn_coral":1,"minecraft:chain":1,"minecraft:writable_book":2,"minecraft:amethyst_shard":64,"minecraft:bone_meal":1,"minecraft:bone_block":1,"minecraft:sand":1,"minecraft:tube_coral":1,"minecraft:black_concrete":1,"minecraft:acacia_door":1,"minecraft:diorite_slab":64,"minecraft:tropical_fish_bucket":1,"minecraft:armor_stand":3,"minecraft:honeycomb_block":3,"minecraft:emerald_block":1,"minecraft:diamond_block":1,"minecraft:stripped_jungle_wood":1,"minecraft:netherite_sword":4,"minecraft:obsidian":1,"minecraft:oak_planks":1,"minecraft:end_stone":2,"minecraft:acacia_stairs":2,"minecraft:acacia_button":1,"minecraft:leather_chestplate":2,"minecraft:cod_spawn_egg":1,"minecraft:tipped_arrow":576,"minecraft:trident":50,"minecraft:heavy_weighted_pressure_plate":1,"minecraft:glowstone":1,"minecraft:acacia_slab":1,"minecraft:leather_boots":2,"minecraft:chainmail_boots":1,"minecraft:ladder":2,"minecraft:chest":4,"minecraft:leather_leggings":2,"minecraft:cyan_concrete":1,"minecraft:chain_command_block":1,"minecraft:splash_potion":1,"minecraft:netherrack":1,"minecraft:enchanted_book":1,"minecraft:water_bucket":15,"minecraft:torchflower":1,"minecraft:wolf_spawn_egg":1,"minecraft:purple_terracotta":1,"minecraft:red_concrete_powder":2,"minecraft:vine":1,"minecraft:drowned_spawn_egg":1,"minecraft:tnt":312,"minecraft:mossy_cobblestone":1,"minecraft:diamond_leggings":1,"minecraft:netherite_chestplate":2,"minecraft:oak_fence":1,"minecraft:barrier":11,"minecraft:cobblestone":1,"minecraft:command_block":1,"minecraft:grass_block":3,"minecraft:warped_trapdoor":1,"minecraft:cobweb":1,"minecraft:torch":1,"minecraft:wooden_axe":7,"minecraft:nether_wart_block":2,"minecraft:jungle_door":1,"minecraft:map":2,"minecraft:pufferfish_bucket":1,"minecraft:jungle_leaves":1,"minecraft:smooth_sandstone":1,"minecraft:pink_petals":1,"minecraft:bucket":15,"minecraft:blue_carpet":1,"minecraft:acacia_planks":2,"minecraft:redstone_block":1,"minecraft:snow_block":2,"minecraft:red_concrete":1,"minecraft:anvil":2,"minecraft:creeper_head":1,"minecraft:zombie_spawn_egg":1,"minecraft:green_terracotta":2,"minecraft:player_head":18,"minecraft:pitcher_plant":2,"minecraft:netherite_ingot":1,"minecraft:lime_concrete":2,"minecraft:orange_concrete":1,"minecraft:blue_concrete":2,"minecraft:slime_block":2,"minecraft:ender_eye":1,"minecraft:cherry_slab":1,"minecraft:name_tag":2,"minecraft:netherite_leggings":1,"minecraft:filled_map":4,"minecraft:diamond_sword":2,"minecraft:stone":1,"minecraft:shield":1,"minecraft:oak_button":327,"minecraft:sea_pickle":1,"minecraft:powder_snow_bucket":1,"minecraft:diamond_chestplate":1,"minecraft:orange_terracotta":3,"minecraft:iron_chestplate":1,"minecraft:light_blue_carpet":1,"minecraft:blue_ice":3,"minecraft:oak_boat":1,"minecraft:warped_button":2,"minecraft:brain_coral":1,"minecraft:diamond_boots":3,"minecraft:slime_ball":9,"minecraft:red_sand":1,"minecraft:calcite":1,"minecraft:magma_block":1,"minecraft:black_wool":1},"minecraft:custom":{"minecraft:interact_with_crafting_table":15,"minecraft:leave_game":88,"minecraft:time_since_death":13474,"minecraft:damage_resisted":6666039,"minecraft:sprint_one_cm":4282685,"minecraft:damage_blocked_by_shield":261,"minecraft:drop":337,"minecraft:talked_to_villager":24,"minecraft:play_time":5261974,"minecraft:deaths":117,"minecraft:jump":24746,"minecraft:walk_on_water_one_cm":377990,"minecraft:damage_dealt":286415,"minecraft:player_kills":3,"minecraft:crouch_one_cm":398837,"minecraft:interact_with_smoker":1,"minecraft:inspect_dispenser":125,"minecraft:interact_with_smithing_table":7,"minecraft:mob_kills":252,"minecraft:interact_with_anvil":37,"minecraft:inspect_hopper":44,"minecraft:climb_one_cm":50773,"minecraft:walk_one_cm":2141701,"minecraft:target_hit":125,"minecraft:sneak_time":130228,"minecraft:walk_under_water_one_cm":530042,"minecraft:boat_one_cm":82000,"minecraft:interact_with_lectern":38,"minecraft:total_world_time":5261974,"minecraft:time_since_rest":13475,"minecraft:damage_taken":11039,"minecraft:trigger_trapped_chest":13,"minecraft:swim_one_cm":363915,"minecraft:fly_one_cm":33164557,"minecraft:open_chest":116,"minecraft:fall_one_cm":1624194},"minecraft:broken":{"minecraft:wooden_axe":1},"minecraft:picked_up":{"minecraft:wooden_axe":5,"minecraft:iron_chestplate":1,"minecraft:wheat":7,"minecraft:chainmail_boots":1,"minecraft:anvil":1,"minecraft:yellow_wool":316,"minecraft:diamond_sword":1,"minecraft:enchanted_book":4,"minecraft:armor_stand":1,"minecraft:netherite_ingot":5,"minecraft:diamond_leggings":1,"minecraft:gold_nugget":7,"minecraft:bucket":1,"minecraft:netherite_upgrade_smithing_template":4,"minecraft:blue_wool":185,"minecraft:tipped_arrow":686,"minecraft:snow_block":1,"minecraft:honeycomb_block":2,"minecraft:warped_button":1,"minecraft:rotten_flesh":2,"minecraft:barrier":6,"minecraft:leather_chestplate":1,"minecraft:water_bucket":4,"minecraft:name_tag":1,"minecraft:leather_boots":1,"minecraft:acacia_planks":1,"minecraft:diamond_helmet":1,"minecraft:pitcher_pod":1,"minecraft:jungle_planks":1,"minecraft:acacia_stairs":1,"minecraft:jungle_leaves":1,"minecraft:writable_book":6,"minecraft:blue_ice":1,"minecraft:golden_apple":2,"minecraft:emerald":2,"minecraft:leather_leggings":1,"minecraft:gold_block":1,"minecraft:shield":1,"minecraft:item_frame":1,"minecraft:netherite_sword":2,"minecraft:chest":1,"minecraft:trident":5,"minecraft:tnt":63,"minecraft:diamond_chestplate":1,"minecraft:diamond_boots":1,"minecraft:bone_block":1,"minecraft:orange_terracotta":2,"minecraft:apple":2,"minecraft:iron_sword":1,"minecraft:red_concrete_powder":2,"minecraft:red_wool":64,"minecraft:lime_concrete":1,"minecraft:leather_helmet":2,"minecraft:slime_ball":9,"minecraft:stone_axe":1,"minecraft:oak_button":630,"minecraft:coal":19,"minecraft:ender_pearl":1},"minecraft:mined":{"minecraft:stone_button":3,"minecraft:oak_button":2}},"DataVersion":3700}