{"stats":{"minecraft:dropped":{"minecraft:water_bucket":1},"minecraft:custom":{"minecraft:time_since_rest":12772,"minecraft:open_chest":7,"minecraft:crouch_one_cm":4642,"minecraft:sprint_one_cm":31524,"minecraft:interact_with_furnace":1,"minecraft:play_time":20327,"minecraft:deaths":8,"minecraft:damage_taken":2240,"minecraft:walk_one_cm":31385,"minecraft:sneak_time":1584,"minecraft:trigger_trapped_chest":1,"minecraft:drop":1,"minecraft:interact_with_lectern":1,"minecraft:jump":240,"minecraft:damage_dealt":33,"minecraft:leave_game":2,"minecraft:walk_on_water_one_cm":154,"minecraft:time_since_death":12770,"minecraft:climb_one_cm":48,"minecraft:total_world_time":20327,"minecraft:interact_with_crafting_table":2,"minecraft:fall_one_cm":9173,"minecraft:fly_one_cm":180715},"minecraft:killed_by":{"minecraft:blaze":1},"minecraft:used":{"minecraft:acacia_boat":1,"minecraft:water_bucket":1,"minecraft:orange_concrete":1,"minecraft:oak_slab":69,"minecraft:slime_block":15,"minecraft:bucket":1,"minecraft:cherry_sign":1,"minecraft:cobweb":10}},"DataVersion":3700}