{"stats":{"minecraft:used":{"minecraft:trident":27,"minecraft:water_bucket":3,"minecraft:oak_button":1},"minecraft:custom":{"minecraft:time_since_rest":121787,"minecraft:open_chest":7,"minecraft:crouch_one_cm":25012,"minecraft:sprint_one_cm":232993,"minecraft:play_time":121787,"minecraft:damage_taken":0,"minecraft:walk_one_cm":94101,"minecraft:sneak_time":8539,"minecraft:walk_under_water_one_cm":5584,"minecraft:drop":1,"minecraft:jump":1399,"minecraft:inspect_hopper":1,"minecraft:damage_dealt":0,"minecraft:leave_game":11,"minecraft:walk_on_water_one_cm":8121,"minecraft:time_since_death":121787,"minecraft:climb_one_cm":3419,"minecraft:total_world_time":121787,"minecraft:damage_resisted":6752520,"minecraft:swim_one_cm":29439,"minecraft:fall_one_cm":280359,"minecraft:fly_one_cm":204289},"minecraft:dropped":{"minecraft:water_bucket":1},"minecraft:picked_up":{"minecraft:trident":1}},"DataVersion":3700}